timestamp_ms,timestamp_sec,angle,distance_cm,speed_cmps,direction,threat,date_time
116,0.116,17,23,17.20,LEFT,WARNING,2025-11-09 12:14:42
176,0.176,19,28,84.70,LEFT,WARNING,2025-11-09 12:14:42
235,0.235,21,23,86.20,LEFT,WARNING,2025-11-09 12:14:42
294,0.294,23,23,0.00,LEFT,WARNING,2025-11-09 12:14:42
354,0.354,25,23,0.00,LEFT,WARNING,2025-11-09 12:14:42
412,0.412,27,23,0.00,LEFT,WARNING,2025-11-09 12:14:42
472,0.472,29,24,16.90,LEFT,WARNING,2025-11-09 12:14:42
531,0.531,31,28,69.00,LEFT,WARNING,2025-11-09 12:14:42
590,0.590,33,28,0.00,LEFT,WARNING,2025-11-09 12:14:42
650,0.650,35,23,84.70,LEFT,WARNING,2025-11-09 12:14:43
709,0.709,37,24,17.20,LEFT,WARNING,2025-11-09 12:14:43
769,0.769,39,24,0.00,LEFT,WARNING,2025-11-09 12:14:43
828,0.828,41,24,0.00,LEFT,WARNING,2025-11-09 12:14:43
886,0.886,43,24,0.00,LEFT,WARNING,2025-11-09 12:14:43
946,0.946,45,24,0.00,LEFT,WARNING,2025-11-09 12:14:43
1005,1.005,47,25,17.20,LEFT,WARNING,2025-11-09 12:14:43
1065,1.065,49,34,152.50,LEFT,WARNING,2025-11-09 12:14:43
1125,1.125,51,28,103.40,LEFT,WARNING,2025-11-09 12:14:43
1185,1.185,53,31,50.80,LEFT,WARNING,2025-11-09 12:14:43
1246,1.246,55,32,16.90,LEFT,WARNING,2025-11-09 12:14:43
1305,1.305,57,29,50.80,LEFT,WARNING,2025-11-09 12:14:43
1366,1.366,59,29,0.00,LEFT,WARNING,2025-11-09 12:14:43
1425,1.425,61,29,0.00,CENTER,WARNING,2025-11-09 12:14:43
1484,1.484,63,29,0.00,CENTER,WARNING,2025-11-09 12:14:43
1545,1.545,65,29,0.00,CENTER,WARNING,2025-11-09 12:14:43
1604,1.604,67,29,0.00,CENTER,WARNING,2025-11-09 12:14:43
1665,1.665,69,29,0.00,CENTER,WARNING,2025-11-09 12:14:44
1724,1.724,71,28,16.90,CENTER,WARNING,2025-11-09 12:14:44
1783,1.783,73,28,0.00,CENTER,WARNING,2025-11-09 12:14:44
1844,1.844,75,28,0.00,CENTER,WARNING,2025-11-09 12:14:44
1903,1.903,77,28,0.00,CENTER,WARNING,2025-11-09 12:14:44
1963,1.963,79,27,16.90,CENTER,WARNING,2025-11-09 12:14:44
2023,2.023,81,27,0.00,CENTER,WARNING,2025-11-09 12:14:44
2082,2.082,83,27,0.00,CENTER,WARNING,2025-11-09 12:14:44
2142,2.142,85,26,16.70,CENTER,WARNING,2025-11-09 12:14:44
2201,2.201,87,26,0.00,CENTER,WARNING,2025-11-09 12:14:44
2260,2.260,89,25,17.20,CENTER,WARNING,2025-11-09 12:14:44
2320,2.320,91,25,0.00,CENTER,WARNING,2025-11-09 12:14:44
2379,2.379,93,29,69.00,CENTER,WARNING,2025-11-09 12:14:44
2440,2.440,95,26,50.80,CENTER,WARNING,2025-11-09 12:14:44
2499,2.499,97,26,0.00,CENTER,WARNING,2025-11-09 12:14:44
2557,2.557,99,18,137.90,CENTER,WARNING,2025-11-09 12:14:44
2616,2.616,101,18,0.00,CENTER,WARNING,2025-11-09 12:14:44
2675,2.675,103,22,70.20,CENTER,WARNING,2025-11-09 12:14:45
2734,2.734,105,28,101.70,CENTER,WARNING,2025-11-09 12:14:45
2793,2.793,107,18,172.40,CENTER,WARNING,2025-11-09 12:14:45
2851,2.851,109,18,0.00,CENTER,WARNING,2025-11-09 12:14:45
2911,2.911,111,27,152.50,CENTER,WARNING,2025-11-09 12:14:45
2969,2.969,113,18,157.90,CENTER,WARNING,2025-11-09 12:14:45
3028,3.028,115,28,172.40,CENTER,WARNING,2025-11-09 12:14:45
3089,3.089,117,28,0.00,CENTER,WARNING,2025-11-09 12:14:45
3148,3.148,119,27,17.20,CENTER,WARNING,2025-11-09 12:14:45
3208,3.208,121,27,0.00,RIGHT,WARNING,2025-11-09 12:14:45
3268,3.268,123,29,33.90,RIGHT,WARNING,2025-11-09 12:14:45
3328,3.328,125,28,16.90,RIGHT,WARNING,2025-11-09 12:14:45
3387,3.387,127,25,51.70,RIGHT,WARNING,2025-11-09 12:14:45
3446,3.446,129,27,34.50,RIGHT,WARNING,2025-11-09 12:14:45
3507,3.507,131,28,16.70,RIGHT,WARNING,2025-11-09 12:14:45
3566,3.566,133,29,17.20,RIGHT,WARNING,2025-11-09 12:14:45
3625,3.625,135,27,34.50,RIGHT,WARNING,2025-11-09 12:14:45
3686,3.686,137,29,34.50,RIGHT,WARNING,2025-11-09 12:14:46
3745,3.745,139,29,0.00,RIGHT,WARNING,2025-11-09 12:14:46
3806,3.806,141,28,16.90,RIGHT,WARNING,2025-11-09 12:14:46
3865,3.865,143,29,16.90,RIGHT,WARNING,2025-11-09 12:14:46
3926,3.926,145,42,0.00,RIGHT,SAFE,2025-11-09 12:14:46
3987,3.987,147,42,0.00,RIGHT,SAFE,2025-11-09 12:14:46
4048,4.048,149,42,0.00,RIGHT,SAFE,2025-11-09 12:14:46
4110,4.110,151,43,16.40,RIGHT,SAFE,2025-11-09 12:14:46
4171,4.171,153,42,16.70,RIGHT,SAFE,2025-11-09 12:14:46
4233,4.233,155,41,16.40,RIGHT,SAFE,2025-11-09 12:14:46
4294,4.294,157,41,0.00,RIGHT,SAFE,2025-11-09 12:14:46
4356,4.356,159,43,32.80,RIGHT,SAFE,2025-11-09 12:14:46
4417,4.417,161,42,16.70,RIGHT,SAFE,2025-11-09 12:14:46
4478,4.478,163,43,16.70,RIGHT,SAFE,2025-11-09 12:14:46
4540,4.540,165,42,16.70,RIGHT,SAFE,2025-11-09 12:14:46
4601,4.601,165,42,0.00,RIGHT,SAFE,2025-11-09 12:14:46
4663,4.663,163,42,0.00,RIGHT,SAFE,2025-11-09 12:14:47
4724,4.724,161,42,0.00,RIGHT,SAFE,2025-11-09 12:14:47
4786,4.786,159,42,0.00,RIGHT,SAFE,2025-11-09 12:14:47
4847,4.847,157,43,16.70,RIGHT,SAFE,2025-11-09 12:14:47
4909,4.909,155,43,0.00,RIGHT,SAFE,2025-11-09 12:14:47
4970,4.970,153,42,16.70,RIGHT,SAFE,2025-11-09 12:14:47
5031,5.031,151,42,0.00,RIGHT,SAFE,2025-11-09 12:14:47
5093,5.093,149,43,16.40,RIGHT,SAFE,2025-11-09 12:14:47
5154,5.154,147,42,16.70,RIGHT,SAFE,2025-11-09 12:14:47
5216,5.216,145,41,16.40,RIGHT,SAFE,2025-11-09 12:14:47
5277,5.277,143,40,16.70,RIGHT,SAFE,2025-11-09 12:14:47
5339,5.339,141,40,0.00,RIGHT,SAFE,2025-11-09 12:14:47
5400,5.400,139,44,65.60,RIGHT,SAFE,2025-11-09 12:14:47
5462,5.462,137,42,32.80,RIGHT,SAFE,2025-11-09 12:14:47
5522,5.522,135,38,67.80,RIGHT,WARNING,2025-11-09 12:14:47
5581,5.581,133,28,172.40,RIGHT,WARNING,2025-11-09 12:14:47
5642,5.642,131,28,0.00,RIGHT,WARNING,2025-11-09 12:14:48
5701,5.701,129,28,0.00,RIGHT,WARNING,2025-11-09 12:14:48
5762,5.762,127,28,0.00,RIGHT,WARNING,2025-11-09 12:14:48
5821,5.821,125,28,0.00,RIGHT,WARNING,2025-11-09 12:14:48
5881,5.881,123,29,17.20,RIGHT,WARNING,2025-11-09 12:14:48
5940,5.940,121,28,16.90,RIGHT,WARNING,2025-11-09 12:14:48
5999,5.999,119,29,17.20,CENTER,WARNING,2025-11-09 12:14:48
6060,6.060,117,30,16.70,CENTER,WARNING,2025-11-09 12:14:48
6118,6.118,115,16,0.00,CENTER,WARNING,2025-11-09 12:14:48
6177,6.177,113,27,189.70,CENTER,WARNING,2025-11-09 12:14:48
6236,6.236,111,18,155.20,CENTER,WARNING,2025-11-09 12:14:48
6293,6.293,109,9,160.70,CENTER,DANGER,2025-11-09 12:14:48
6351,6.351,107,9,0.00,CENTER,DANGER,2025-11-09 12:14:48
6410,6.410,105,7,35.10,CENTER,DANGER,2025-11-09 12:14:48
6468,6.468,103,16,155.20,CENTER,WARNING,2025-11-09 12:14:48
6526,6.526,101,16,0.00,CENTER,WARNING,2025-11-09 12:14:48
6584,6.584,99,11,89.30,CENTER,DANGER,2025-11-09 12:14:48
6642,6.642,97,10,17.50,CENTER,DANGER,2025-11-09 12:14:49
6701,6.701,95,10,0.00,CENTER,DANGER,2025-11-09 12:14:49
6759,6.759,93,10,0.00,CENTER,DANGER,2025-11-09 12:14:49
6816,6.816,91,10,0.00,CENTER,DANGER,2025-11-09 12:14:49
6876,6.876,89,16,101.70,CENTER,WARNING,2025-11-09 12:14:49
6935,6.935,87,28,0.00,CENTER,WARNING,2025-11-09 12:14:49
6993,6.993,85,16,0.00,CENTER,WARNING,2025-11-09 12:14:49
7053,7.053,83,29,0.00,CENTER,WARNING,2025-11-09 12:14:49
7112,7.112,81,35,101.70,CENTER,WARNING,2025-11-09 12:14:49
7173,7.173,79,30,83.30,CENTER,WARNING,2025-11-09 12:14:49
7232,7.232,77,30,0.00,CENTER,WARNING,2025-11-09 12:14:49
7292,7.292,75,30,0.00,CENTER,WARNING,2025-11-09 12:14:49
7353,7.353,73,31,16.90,CENTER,WARNING,2025-11-09 12:14:49
7413,7.413,71,35,66.70,CENTER,WARNING,2025-11-09 12:14:49
7474,7.474,69,36,16.70,CENTER,WARNING,2025-11-09 12:14:49
7534,7.534,67,36,0.00,CENTER,WARNING,2025-11-09 12:14:49
7595,7.595,65,37,16.70,CENTER,WARNING,2025-11-09 12:14:49
7655,7.655,63,34,50.80,CENTER,WARNING,2025-11-09 12:14:50
7715,7.715,61,31,50.80,CENTER,WARNING,2025-11-09 12:14:50
7776,7.776,59,33,33.30,LEFT,WARNING,2025-11-09 12:14:50
7836,7.836,57,39,101.70,LEFT,WARNING,2025-11-09 12:14:50
7898,7.898,55,34,83.30,LEFT,WARNING,2025-11-09 12:14:50
7957,7.957,53,32,33.90,LEFT,WARNING,2025-11-09 12:14:50
8018,8.018,51,38,100.00,LEFT,WARNING,2025-11-09 12:14:50
8079,8.079,49,37,16.70,LEFT,WARNING,2025-11-09 12:14:50
8138,8.138,47,25,0.00,LEFT,WARNING,2025-11-09 12:14:50
8198,8.198,45,24,16.90,LEFT,WARNING,2025-11-09 12:14:50
8257,8.257,43,24,0.00,LEFT,WARNING,2025-11-09 12:14:50
8316,8.316,41,24,0.00,LEFT,WARNING,2025-11-09 12:14:50
8376,8.376,39,24,0.00,LEFT,WARNING,2025-11-09 12:14:50
8435,8.435,37,24,0.00,LEFT,WARNING,2025-11-09 12:14:50
8495,8.495,35,24,0.00,LEFT,WARNING,2025-11-09 12:14:50
8554,8.554,33,28,67.80,LEFT,WARNING,2025-11-09 12:14:50
8613,8.613,31,29,16.90,LEFT,WARNING,2025-11-09 12:14:50
8673,8.673,29,24,84.70,LEFT,WARNING,2025-11-09 12:14:51
8732,8.732,27,24,0.00,LEFT,WARNING,2025-11-09 12:14:51
8792,8.792,25,23,17.20,LEFT,WARNING,2025-11-09 12:14:51
8850,8.850,23,23,0.00,LEFT,WARNING,2025-11-09 12:14:51
8909,8.909,21,23,0.00,LEFT,WARNING,2025-11-09 12:14:51
8969,8.969,19,24,17.20,LEFT,WARNING,2025-11-09 12:14:51
9028,9.028,17,24,0.00,LEFT,WARNING,2025-11-09 12:14:51
9086,9.086,15,22,34.50,LEFT,WARNING,2025-11-09 12:14:51
9146,9.146,15,22,0.00,LEFT,WARNING,2025-11-09 12:14:51
9204,9.204,17,22,0.00,LEFT,WARNING,2025-11-09 12:14:51
9264,9.264,19,23,16.90,LEFT,WARNING,2025-11-09 12:14:51
9323,9.323,21,23,0.00,LEFT,WARNING,2025-11-09 12:14:51
9381,9.381,23,23,0.00,LEFT,WARNING,2025-11-09 12:14:51
9441,9.441,25,23,0.00,LEFT,WARNING,2025-11-09 12:14:51
9500,9.500,27,23,0.00,LEFT,WARNING,2025-11-09 12:14:51
9560,9.560,29,24,17.20,LEFT,WARNING,2025-11-09 12:14:51
9619,9.619,31,25,16.90,LEFT,WARNING,2025-11-09 12:14:51
9678,9.678,33,29,69.00,LEFT,WARNING,2025-11-09 12:14:52
9738,9.738,35,24,84.70,LEFT,WARNING,2025-11-09 12:14:52
9797,9.797,37,23,17.20,LEFT,WARNING,2025-11-09 12:14:52
9857,9.857,39,24,16.90,LEFT,WARNING,2025-11-09 12:14:52
9916,9.916,41,24,0.00,LEFT,WARNING,2025-11-09 12:14:52
9975,9.975,43,24,0.00,LEFT,WARNING,2025-11-09 12:14:52
10034,10.034,45,24,0.00,LEFT,WARNING,2025-11-09 12:14:52
10093,10.093,47,25,17.20,LEFT,WARNING,2025-11-09 12:14:52
10153,10.153,49,35,169.50,LEFT,WARNING,2025-11-09 12:14:52
10213,10.213,51,28,120.70,LEFT,WARNING,2025-11-09 12:14:52
10272,10.272,53,33,86.20,LEFT,WARNING,2025-11-09 12:14:52
10333,10.333,55,29,67.80,LEFT,WARNING,2025-11-09 12:14:52
10391,10.391,57,29,0.00,LEFT,WARNING,2025-11-09 12:14:52
10451,10.451,59,29,0.00,LEFT,WARNING,2025-11-09 12:14:52
10509,10.509,61,9,0.00,CENTER,DANGER,2025-11-09 12:14:52
10567,10.567,63,9,0.00,CENTER,DANGER,2025-11-09 12:14:52
10625,10.625,65,8,17.20,CENTER,DANGER,2025-11-09 12:14:52
10684,10.684,67,16,140.40,CENTER,WARNING,2025-11-09 12:14:53
10743,10.743,69,31,0.00,CENTER,WARNING,2025-11-09 12:14:53
10802,10.802,71,15,0.00,CENTER,WARNING,2025-11-09 12:14:53
10861,10.861,73,28,0.00,CENTER,WARNING,2025-11-09 12:14:53
10921,10.921,75,35,118.60,CENTER,WARNING,2025-11-09 12:14:53
10982,10.982,77,30,86.20,CENTER,WARNING,2025-11-09 12:14:53
11041,11.041,79,31,16.90,CENTER,WARNING,2025-11-09 12:14:53
11102,11.102,81,34,50.00,CENTER,WARNING,2025-11-09 12:14:53
11162,11.162,83,41,118.60,CENTER,SAFE,2025-11-09 12:14:53
11224,11.224,85,38,50.00,CENTER,WARNING,2025-11-09 12:14:53
11283,11.283,87,31,118.60,CENTER,WARNING,2025-11-09 12:14:53
11343,11.343,89,32,16.90,CENTER,WARNING,2025-11-09 12:14:53
11405,11.405,91,36,66.70,CENTER,WARNING,2025-11-09 12:14:53
11465,11.465,93,34,33.90,CENTER,WARNING,2025-11-09 12:14:53
11526,11.526,95,32,33.30,CENTER,WARNING,2025-11-09 12:14:53
11585,11.585,97,33,16.90,CENTER,WARNING,2025-11-09 12:14:53
11644,11.644,99,20,0.00,CENTER,WARNING,2025-11-09 12:14:54
11703,11.703,101,18,33.90,CENTER,WARNING,2025-11-09 12:14:54
11761,11.761,103,21,52.60,CENTER,WARNING,2025-11-09 12:14:54
11821,11.821,105,22,16.90,CENTER,WARNING,2025-11-09 12:14:54
11879,11.879,107,16,105.30,CENTER,WARNING,2025-11-09 12:14:54
11938,11.938,109,19,52.60,CENTER,WARNING,2025-11-09 12:14:54
12006,12.006,111,180,0.00,CENTER,SAFE,2025-11-09 12:14:54
12065,12.065,113,29,0.00,CENTER,WARNING,2025-11-09 12:14:54
12126,12.126,115,27,33.90,CENTER,WARNING,2025-11-09 12:14:54
12185,12.185,117,28,17.20,CENTER,WARNING,2025-11-09 12:14:54
12247,12.247,119,44,0.00,CENTER,SAFE,2025-11-09 12:14:54
12306,12.306,121,30,0.00,RIGHT,WARNING,2025-11-09 12:14:54
12366,12.366,123,30,0.00,RIGHT,WARNING,2025-11-09 12:14:54
12427,12.427,125,42,200.00,RIGHT,SAFE,2025-11-09 12:14:54
12488,12.488,127,42,0.00,RIGHT,SAFE,2025-11-09 12:14:54
12550,12.550,129,43,16.40,RIGHT,SAFE,2025-11-09 12:14:54
12611,12.611,131,42,16.70,RIGHT,SAFE,2025-11-09 12:14:54
12672,12.672,133,43,16.70,RIGHT,SAFE,2025-11-09 12:14:55
12731,12.731,135,30,0.00,RIGHT,WARNING,2025-11-09 12:14:55
12790,12.790,137,36,103.40,RIGHT,WARNING,2025-11-09 12:14:55
12851,12.851,139,43,116.70,RIGHT,SAFE,2025-11-09 12:14:55
12909,12.909,141,17,0.00,RIGHT,WARNING,2025-11-09 12:14:55
12968,12.968,143,18,17.50,RIGHT,WARNING,2025-11-09 12:14:55
13027,13.027,145,17,17.20,RIGHT,WARNING,2025-11-09 12:14:55
13085,13.085,147,22,87.70,RIGHT,WARNING,2025-11-09 12:14:55
13145,13.145,149,20,33.90,RIGHT,WARNING,2025-11-09 12:14:55
13204,13.204,151,22,34.50,RIGHT,WARNING,2025-11-09 12:14:55
13262,13.262,153,22,0.00,RIGHT,WARNING,2025-11-09 12:14:55
13322,13.322,155,23,16.90,RIGHT,WARNING,2025-11-09 12:14:55
13381,13.381,157,23,0.00,RIGHT,WARNING,2025-11-09 12:14:55
13441,13.441,159,22,16.90,RIGHT,WARNING,2025-11-09 12:14:55
13500,13.500,161,24,34.50,RIGHT,WARNING,2025-11-09 12:14:55
13559,13.559,163,21,52.60,RIGHT,WARNING,2025-11-09 12:14:55
13619,13.619,165,29,133.30,RIGHT,WARNING,2025-11-09 12:14:55
13679,13.679,165,31,33.90,RIGHT,WARNING,2025-11-09 12:14:56
13739,13.739,163,28,50.80,RIGHT,WARNING,2025-11-09 12:14:56
13798,13.798,161,27,17.20,RIGHT,WARNING,2025-11-09 12:14:56
13858,13.858,159,29,34.50,RIGHT,WARNING,2025-11-09 12:14:56
13918,13.918,157,27,33.90,RIGHT,WARNING,2025-11-09 12:14:56
13977,13.977,155,25,34.50,RIGHT,WARNING,2025-11-09 12:14:56
14036,14.036,153,28,51.70,RIGHT,WARNING,2025-11-09 12:14:56
14097,14.097,151,29,16.90,RIGHT,WARNING,2025-11-09 12:14:56
14156,14.156,149,26,51.70,RIGHT,WARNING,2025-11-09 12:14:56
14216,14.216,147,25,16.90,RIGHT,WARNING,2025-11-09 12:14:56
14276,14.276,145,25,0.00,RIGHT,WARNING,2025-11-09 12:14:56
14336,14.336,143,26,16.70,RIGHT,WARNING,2025-11-09 12:14:56
14395,14.395,141,24,34.50,RIGHT,WARNING,2025-11-09 12:14:56
14454,14.454,139,28,69.00,RIGHT,WARNING,2025-11-09 12:14:56
14515,14.515,137,29,16.70,RIGHT,WARNING,2025-11-09 12:14:56
14574,14.574,135,28,17.20,RIGHT,WARNING,2025-11-09 12:14:56
14633,14.633,133,29,17.20,RIGHT,WARNING,2025-11-09 12:14:57
14694,14.694,131,31,33.90,RIGHT,WARNING,2025-11-09 12:14:57
14753,14.753,129,28,51.70,RIGHT,WARNING,2025-11-09 12:14:57
14814,14.814,127,25,50.80,RIGHT,WARNING,2025-11-09 12:14:57
14873,14.873,125,29,69.00,RIGHT,WARNING,2025-11-09 12:14:57
14934,14.934,123,29,0.00,RIGHT,WARNING,2025-11-09 12:14:57
14993,14.993,121,28,17.20,RIGHT,WARNING,2025-11-09 12:14:57
15053,15.053,119,29,16.90,CENTER,WARNING,2025-11-09 12:14:57
15113,15.113,117,27,33.90,CENTER,WARNING,2025-11-09 12:14:57
15173,15.173,115,29,33.90,CENTER,WARNING,2025-11-09 12:14:57
15233,15.233,113,28,16.90,CENTER,WARNING,2025-11-09 12:14:57
15293,15.293,111,27,17.20,CENTER,WARNING,2025-11-09 12:14:57
15352,15.352,109,28,17.20,CENTER,WARNING,2025-11-09 12:14:57
15413,15.413,107,28,0.00,CENTER,WARNING,2025-11-09 12:14:57
15472,15.472,105,29,16.90,CENTER,WARNING,2025-11-09 12:14:57
15533,15.533,103,29,0.00,CENTER,WARNING,2025-11-09 12:14:57
15592,15.592,101,28,16.90,CENTER,WARNING,2025-11-09 12:14:57
15652,15.652,99,29,17.20,CENTER,WARNING,2025-11-09 12:14:58
15712,15.712,97,29,0.00,CENTER,WARNING,2025-11-09 12:14:58
15772,15.772,95,31,33.90,CENTER,WARNING,2025-11-09 12:14:58
15833,15.833,93,31,0.00,CENTER,WARNING,2025-11-09 12:14:58
15892,15.892,91,30,16.90,CENTER,WARNING,2025-11-09 12:14:58
15952,15.952,89,29,16.90,CENTER,WARNING,2025-11-09 12:14:58
16012,16.012,87,29,0.00,CENTER,WARNING,2025-11-09 12:14:58
16072,16.072,85,31,33.90,CENTER,WARNING,2025-11-09 12:14:58
16133,16.133,83,30,16.90,CENTER,WARNING,2025-11-09 12:14:58
16192,16.192,81,30,0.00,CENTER,WARNING,2025-11-09 12:14:58
16252,16.252,79,33,50.80,CENTER,WARNING,2025-11-09 12:14:58
16313,16.313,77,34,16.70,CENTER,WARNING,2025-11-09 12:14:58
16374,16.374,75,35,16.90,CENTER,WARNING,2025-11-09 12:14:58
16435,16.435,73,35,0.00,CENTER,WARNING,2025-11-09 12:14:58
16495,16.495,71,35,0.00,CENTER,WARNING,2025-11-09 12:14:58
16556,16.556,69,35,0.00,CENTER,WARNING,2025-11-09 12:14:58
16616,16.616,67,35,0.00,CENTER,WARNING,2025-11-09 12:14:58
16676,16.676,65,33,33.90,CENTER,WARNING,2025-11-09 12:14:59
16738,16.738,63,34,16.70,CENTER,WARNING,2025-11-09 12:14:59
16798,16.798,61,33,16.90,CENTER,WARNING,2025-11-09 12:14:59
16859,16.859,59,33,0.00,LEFT,WARNING,2025-11-09 12:14:59
16919,16.919,57,40,116.70,LEFT,SAFE,2025-11-09 12:14:59
16980,16.980,55,41,16.70,LEFT,SAFE,2025-11-09 12:14:59
17042,17.042,53,43,33.30,LEFT,SAFE,2025-11-09 12:14:59
17102,17.102,51,29,0.00,LEFT,WARNING,2025-11-09 12:14:59
17162,17.162,49,29,0.00,LEFT,WARNING,2025-11-09 12:14:59
17222,17.222,47,29,0.00,LEFT,WARNING,2025-11-09 12:14:59
17282,17.282,45,24,84.70,LEFT,WARNING,2025-11-09 12:14:59
17340,17.340,43,24,0.00,LEFT,WARNING,2025-11-09 12:14:59
17399,17.399,41,24,0.00,LEFT,WARNING,2025-11-09 12:14:59
17459,17.459,39,23,16.90,LEFT,WARNING,2025-11-09 12:14:59
17518,17.518,37,23,0.00,LEFT,WARNING,2025-11-09 12:14:59
17577,17.577,35,23,0.00,LEFT,WARNING,2025-11-09 12:14:59
17637,17.637,33,23,0.00,LEFT,WARNING,2025-11-09 12:15:00
17695,17.695,31,23,0.00,LEFT,WARNING,2025-11-09 12:15:00
17755,17.755,29,23,0.00,LEFT,WARNING,2025-11-09 12:15:00
17814,17.814,27,23,0.00,LEFT,WARNING,2025-11-09 12:15:00
17872,17.872,25,21,35.10,LEFT,WARNING,2025-11-09 12:15:00
17932,17.932,23,21,0.00,LEFT,WARNING,2025-11-09 12:15:00
17990,17.990,21,21,0.00,LEFT,WARNING,2025-11-09 12:15:00
18050,18.050,19,23,33.90,LEFT,WARNING,2025-11-09 12:15:00
18109,18.109,17,22,17.20,LEFT,WARNING,2025-11-09 12:15:00
18167,18.167,15,20,35.10,LEFT,WARNING,2025-11-09 12:15:00
18227,18.227,15,20,0.00,LEFT,WARNING,2025-11-09 12:15:00
18285,18.285,17,20,0.00,LEFT,WARNING,2025-11-09 12:15:00
18344,18.344,19,23,51.70,LEFT,WARNING,2025-11-09 12:15:00
18404,18.404,21,21,34.50,LEFT,WARNING,2025-11-09 12:15:00
18462,18.462,23,21,0.00,LEFT,WARNING,2025-11-09 12:15:00
18522,18.522,25,21,0.00,LEFT,WARNING,2025-11-09 12:15:00
18580,18.580,27,21,0.00,LEFT,WARNING,2025-11-09 12:15:00
18639,18.639,29,23,34.50,LEFT,WARNING,2025-11-09 12:15:01
18699,18.699,31,23,0.00,LEFT,WARNING,2025-11-09 12:15:01
18758,18.758,33,23,0.00,LEFT,WARNING,2025-11-09 12:15:01
18817,18.817,35,23,0.00,LEFT,WARNING,2025-11-09 12:15:01
18876,18.876,37,23,0.00,LEFT,WARNING,2025-11-09 12:15:01
18935,18.935,39,24,17.20,LEFT,WARNING,2025-11-09 12:15:01
18995,18.995,41,24,0.00,LEFT,WARNING,2025-11-09 12:15:01
19054,19.054,43,24,0.00,LEFT,WARNING,2025-11-09 12:15:01
19113,19.113,45,24,0.00,LEFT,WARNING,2025-11-09 12:15:01
19173,19.173,47,25,16.90,LEFT,WARNING,2025-11-09 12:15:01
19232,19.232,49,25,0.00,LEFT,WARNING,2025-11-09 12:15:01
19292,19.292,51,29,66.70,LEFT,WARNING,2025-11-09 12:15:01
19352,19.352,53,35,103.40,LEFT,WARNING,2025-11-09 12:15:01
19412,19.412,55,37,33.30,LEFT,WARNING,2025-11-09 12:15:01
19473,19.473,57,36,16.90,LEFT,WARNING,2025-11-09 12:15:01
19534,19.534,59,36,0.00,LEFT,WARNING,2025-11-09 12:15:01
19595,19.595,61,35,16.40,CENTER,WARNING,2025-11-09 12:15:01
19655,19.655,63,35,0.00,CENTER,WARNING,2025-11-09 12:15:02
19716,19.716,65,35,0.00,CENTER,WARNING,2025-11-09 12:15:02
19777,19.777,67,34,16.90,CENTER,WARNING,2025-11-09 12:15:02
19837,19.837,69,36,33.30,CENTER,WARNING,2025-11-09 12:15:02
19898,19.898,71,34,33.30,CENTER,WARNING,2025-11-09 12:15:02
19958,19.958,73,36,33.90,CENTER,WARNING,2025-11-09 12:15:02
20020,20.020,75,36,0.00,CENTER,WARNING,2025-11-09 12:15:02
20080,20.080,77,34,33.30,CENTER,WARNING,2025-11-09 12:15:02
20141,20.141,79,35,16.70,CENTER,WARNING,2025-11-09 12:15:02
20201,20.201,81,35,0.00,CENTER,WARNING,2025-11-09 12:15:02
20261,20.261,83,34,16.90,CENTER,WARNING,2025-11-09 12:15:02
20323,20.323,85,34,0.00,CENTER,WARNING,2025-11-09 12:15:02
20383,20.383,87,37,50.00,CENTER,WARNING,2025-11-09 12:15:02
20444,20.444,89,35,33.30,CENTER,WARNING,2025-11-09 12:15:02
20504,20.504,91,35,0.00,CENTER,WARNING,2025-11-09 12:15:02
20564,20.564,93,35,0.00,CENTER,WARNING,2025-11-09 12:15:02
20626,20.626,95,35,0.00,CENTER,WARNING,2025-11-09 12:15:02
20686,20.686,97,34,16.90,CENTER,WARNING,2025-11-09 12:15:03
20747,20.747,99,33,16.70,CENTER,WARNING,2025-11-09 12:15:03
20806,20.806,101,30,50.80,CENTER,WARNING,2025-11-09 12:15:03
20867,20.867,103,30,0.00,CENTER,WARNING,2025-11-09 12:15:03
20927,20.927,105,30,0.00,CENTER,WARNING,2025-11-09 12:15:03
20986,20.986,107,29,16.90,CENTER,WARNING,2025-11-09 12:15:03
21047,21.047,109,29,0.00,CENTER,WARNING,2025-11-09 12:15:03
21106,21.106,111,29,0.00,CENTER,WARNING,2025-11-09 12:15:03
21167,21.167,113,30,16.70,CENTER,WARNING,2025-11-09 12:15:03
21226,21.226,115,28,34.50,CENTER,WARNING,2025-11-09 12:15:03
21286,21.286,117,28,0.00,CENTER,WARNING,2025-11-09 12:15:03
21347,21.347,119,34,100.00,CENTER,WARNING,2025-11-09 12:15:03
21407,21.407,121,33,17.20,RIGHT,WARNING,2025-11-09 12:15:03
21467,21.467,123,28,84.70,RIGHT,WARNING,2025-11-09 12:15:03
21527,21.527,125,34,101.70,RIGHT,WARNING,2025-11-09 12:15:03
21587,21.587,127,35,16.90,RIGHT,WARNING,2025-11-09 12:15:03
21648,21.648,129,31,66.70,RIGHT,WARNING,2025-11-09 12:15:04
21708,21.708,131,38,118.60,RIGHT,WARNING,2025-11-09 12:15:04
21769,21.769,133,30,133.30,RIGHT,WARNING,2025-11-09 12:15:04
21829,21.829,135,35,84.70,RIGHT,WARNING,2025-11-09 12:15:04
21889,21.889,137,33,33.90,RIGHT,WARNING,2025-11-09 12:15:04
21947,21.947,139,21,0.00,RIGHT,WARNING,2025-11-09 12:15:04
22006,22.006,141,18,52.60,RIGHT,WARNING,2025-11-09 12:15:04
22068,22.068,143,52,0.00,RIGHT,SAFE,2025-11-09 12:15:04
22128,22.128,145,41,189.70,RIGHT,SAFE,2025-11-09 12:15:04
22190,22.190,147,41,0.00,RIGHT,SAFE,2025-11-09 12:15:04
22250,22.250,149,41,0.00,RIGHT,SAFE,2025-11-09 12:15:04
22311,22.311,151,41,0.00,RIGHT,SAFE,2025-11-09 12:15:04
22370,22.370,153,22,0.00,RIGHT,WARNING,2025-11-09 12:15:04
22430,22.430,155,28,101.70,RIGHT,WARNING,2025-11-09 12:15:04
22490,22.490,157,28,0.00,RIGHT,WARNING,2025-11-09 12:15:04
22550,22.550,159,29,16.90,RIGHT,WARNING,2025-11-09 12:15:04
22610,22.610,161,32,50.80,RIGHT,WARNING,2025-11-09 12:15:04
22670,22.670,163,29,50.80,RIGHT,WARNING,2025-11-09 12:15:05
22730,22.730,165,31,33.90,RIGHT,WARNING,2025-11-09 12:15:05
22791,22.791,165,29,33.30,RIGHT,WARNING,2025-11-09 12:15:05
22850,22.850,163,29,0.00,RIGHT,WARNING,2025-11-09 12:15:05
22910,22.910,161,28,16.90,RIGHT,WARNING,2025-11-09 12:15:05
22970,22.970,159,29,17.20,RIGHT,WARNING,2025-11-09 12:15:05
23030,23.030,157,34,84.70,RIGHT,WARNING,2025-11-09 12:15:05
23090,23.090,155,21,0.00,RIGHT,WARNING,2025-11-09 12:15:05
23149,23.149,153,29,137.90,RIGHT,WARNING,2025-11-09 12:15:05
23209,23.209,151,36,118.60,RIGHT,WARNING,2025-11-09 12:15:05
23270,23.270,149,35,16.90,RIGHT,WARNING,2025-11-09 12:15:05
23330,23.330,147,28,118.60,RIGHT,WARNING,2025-11-09 12:15:05
23391,23.391,145,37,150.00,RIGHT,WARNING,2025-11-09 12:15:05
23451,23.451,143,40,50.80,RIGHT,SAFE,2025-11-09 12:15:05
23513,23.513,141,35,83.30,RIGHT,WARNING,2025-11-09 12:15:05
23573,23.573,139,40,84.70,RIGHT,SAFE,2025-11-09 12:15:05
23634,23.634,137,44,66.70,RIGHT,SAFE,2025-11-09 12:15:05
23696,23.696,135,40,65.60,RIGHT,SAFE,2025-11-09 12:15:06
23757,23.757,133,38,33.30,RIGHT,WARNING,2025-11-09 12:15:06
23819,23.819,131,39,16.70,RIGHT,WARNING,2025-11-09 12:15:06
23879,23.879,129,37,33.30,RIGHT,WARNING,2025-11-09 12:15:06
23941,23.941,127,41,65.60,RIGHT,SAFE,2025-11-09 12:15:06
24001,24.001,125,36,84.70,RIGHT,WARNING,2025-11-09 12:15:06
24061,24.061,123,37,16.90,RIGHT,WARNING,2025-11-09 12:15:06
24123,24.123,121,43,98.40,RIGHT,SAFE,2025-11-09 12:15:06
24184,24.184,119,38,83.30,CENTER,WARNING,2025-11-09 12:15:06
24245,24.245,117,40,33.30,CENTER,SAFE,2025-11-09 12:15:06
24306,24.306,115,39,16.70,CENTER,WARNING,2025-11-09 12:15:06
24368,24.368,113,38,16.70,CENTER,WARNING,2025-11-09 12:15:06
24428,24.428,111,39,16.70,CENTER,WARNING,2025-11-09 12:15:06
24489,24.489,109,37,33.30,CENTER,WARNING,2025-11-09 12:15:06
24550,24.550,107,38,16.90,CENTER,WARNING,2025-11-09 12:15:06
24611,24.611,105,39,16.70,CENTER,WARNING,2025-11-09 12:15:06
24673,24.673,103,39,0.00,CENTER,WARNING,2025-11-09 12:15:07
24733,24.733,101,38,16.90,CENTER,WARNING,2025-11-09 12:15:07
24795,24.795,99,37,16.40,CENTER,WARNING,2025-11-09 12:15:07
24855,24.855,97,37,0.00,CENTER,WARNING,2025-11-09 12:15:07
24916,24.916,95,36,16.70,CENTER,WARNING,2025-11-09 12:15:07
24977,24.977,93,36,0.00,CENTER,WARNING,2025-11-09 12:15:07
25037,25.037,91,36,0.00,CENTER,WARNING,2025-11-09 12:15:07
25100,25.100,89,44,129.00,CENTER,SAFE,2025-11-09 12:15:07
25160,25.160,87,37,118.60,CENTER,WARNING,2025-11-09 12:15:07
25222,25.222,85,37,0.00,CENTER,WARNING,2025-11-09 12:15:07
25282,25.282,83,37,0.00,CENTER,WARNING,2025-11-09 12:15:07
25344,25.344,81,37,0.00,CENTER,WARNING,2025-11-09 12:15:07
25404,25.404,79,38,16.90,CENTER,WARNING,2025-11-09 12:15:07
25465,25.465,77,38,0.00,CENTER,WARNING,2025-11-09 12:15:07
25527,25.527,75,39,16.70,CENTER,WARNING,2025-11-09 12:15:07
25587,25.587,73,39,0.00,CENTER,WARNING,2025-11-09 12:15:07
25649,25.649,71,42,49.20,CENTER,SAFE,2025-11-09 12:15:08
25710,25.710,69,42,0.00,CENTER,SAFE,2025-11-09 12:15:08
25772,25.772,67,42,0.00,CENTER,SAFE,2025-11-09 12:15:08
25833,25.833,65,45,50.00,CENTER,SAFE,2025-11-09 12:15:08
25895,25.895,63,45,0.00,CENTER,SAFE,2025-11-09 12:15:08
25957,25.957,61,45,0.00,CENTER,SAFE,2025-11-09 12:15:08
26018,26.018,59,45,0.00,LEFT,SAFE,2025-11-09 12:15:08
26080,26.080,57,45,0.00,LEFT,SAFE,2025-11-09 12:15:08
26142,26.142,55,45,0.00,LEFT,SAFE,2025-11-09 12:15:08
26203,26.203,53,44,16.40,LEFT,SAFE,2025-11-09 12:15:08
26263,26.263,51,29,0.00,LEFT,WARNING,2025-11-09 12:15:08
26322,26.322,49,28,16.90,LEFT,WARNING,2025-11-09 12:15:08
26382,26.382,47,26,33.90,LEFT,WARNING,2025-11-09 12:15:08
26441,26.441,45,26,0.00,LEFT,WARNING,2025-11-09 12:15:08
26501,26.501,43,25,16.90,LEFT,WARNING,2025-11-09 12:15:08
26560,26.560,41,25,0.00,LEFT,WARNING,2025-11-09 12:15:08
26619,26.619,39,25,0.00,LEFT,WARNING,2025-11-09 12:15:08
26679,26.679,37,25,0.00,LEFT,WARNING,2025-11-09 12:15:09
26738,26.738,35,24,17.20,LEFT,WARNING,2025-11-09 12:15:09
26798,26.798,33,24,0.00,LEFT,WARNING,2025-11-09 12:15:09
26857,26.857,31,24,0.00,LEFT,WARNING,2025-11-09 12:15:09
26916,26.916,29,24,0.00,LEFT,WARNING,2025-11-09 12:15:09
26976,26.976,27,24,0.00,LEFT,WARNING,2025-11-09 12:15:09
27035,27.035,25,24,0.00,LEFT,WARNING,2025-11-09 12:15:09
27095,27.095,23,24,0.00,LEFT,WARNING,2025-11-09 12:15:09
27153,27.153,21,22,34.50,LEFT,WARNING,2025-11-09 12:15:09
27212,27.212,19,22,0.00,LEFT,WARNING,2025-11-09 12:15:09
27272,27.272,17,22,0.00,LEFT,WARNING,2025-11-09 12:15:09
27330,27.330,15,22,0.00,LEFT,WARNING,2025-11-09 12:15:09
27389,27.389,15,22,0.00,LEFT,WARNING,2025-11-09 12:15:09
27449,27.449,17,22,0.00,LEFT,WARNING,2025-11-09 12:15:09
27507,27.507,19,22,0.00,LEFT,WARNING,2025-11-09 12:15:09
27567,27.567,21,22,0.00,LEFT,WARNING,2025-11-09 12:15:09
27626,27.626,23,24,34.50,LEFT,WARNING,2025-11-09 12:15:09
27685,27.685,25,24,0.00,LEFT,WARNING,2025-11-09 12:15:10
27745,27.745,27,24,0.00,LEFT,WARNING,2025-11-09 12:15:10
27804,27.804,29,24,0.00,LEFT,WARNING,2025-11-09 12:15:10
27863,27.863,31,24,0.00,LEFT,WARNING,2025-11-09 12:15:10
27922,27.922,33,24,0.00,LEFT,WARNING,2025-11-09 12:15:10
27981,27.981,35,24,0.00,LEFT,WARNING,2025-11-09 12:15:10
28041,28.041,37,24,0.00,LEFT,WARNING,2025-11-09 12:15:10
28100,28.100,39,24,0.00,LEFT,WARNING,2025-11-09 12:15:10
28160,28.160,41,25,16.90,LEFT,WARNING,2025-11-09 12:15:10
28219,28.219,43,25,0.00,LEFT,WARNING,2025-11-09 12:15:10
28278,28.278,45,25,0.00,LEFT,WARNING,2025-11-09 12:15:10
28338,28.338,47,25,0.00,LEFT,WARNING,2025-11-09 12:15:10
28397,28.397,49,26,17.20,LEFT,WARNING,2025-11-09 12:15:10
28457,28.457,51,26,0.00,LEFT,WARNING,2025-11-09 12:15:10
28517,28.517,53,28,33.30,LEFT,WARNING,2025-11-09 12:15:10
28577,28.577,55,38,169.50,LEFT,WARNING,2025-11-09 12:15:10
28638,28.638,57,37,16.70,LEFT,WARNING,2025-11-09 12:15:11
28699,28.699,59,36,16.70,LEFT,WARNING,2025-11-09 12:15:11
28760,28.760,61,36,0.00,CENTER,WARNING,2025-11-09 12:15:11
28821,28.821,63,40,67.80,CENTER,SAFE,2025-11-09 12:15:11
28881,28.881,65,41,16.70,CENTER,SAFE,2025-11-09 12:15:11
28942,28.942,67,36,83.30,CENTER,WARNING,2025-11-09 12:15:11
29003,29.003,69,36,0.00,CENTER,WARNING,2025-11-09 12:15:11
29064,29.064,71,37,16.70,CENTER,WARNING,2025-11-09 12:15:11
29124,29.124,73,38,16.90,CENTER,WARNING,2025-11-09 12:15:11
29185,29.185,75,29,150.00,CENTER,WARNING,2025-11-09 12:15:11
29244,29.244,77,31,34.50,CENTER,WARNING,2025-11-09 12:15:11
29304,29.304,79,31,0.00,CENTER,WARNING,2025-11-09 12:15:11
29365,29.365,81,31,0.00,CENTER,WARNING,2025-11-09 12:15:11
29425,29.425,83,31,0.00,CENTER,WARNING,2025-11-09 12:15:11
29485,29.485,85,30,16.70,CENTER,WARNING,2025-11-09 12:15:11
29545,29.545,87,31,16.90,CENTER,WARNING,2025-11-09 12:15:11
29605,29.605,89,31,0.00,CENTER,WARNING,2025-11-09 12:15:11
29666,29.666,91,32,16.90,CENTER,WARNING,2025-11-09 12:15:12
29726,29.726,93,34,33.90,CENTER,WARNING,2025-11-09 12:15:12
29786,29.786,95,31,50.00,CENTER,WARNING,2025-11-09 12:15:12
29846,29.846,97,31,0.00,CENTER,WARNING,2025-11-09 12:15:12
29906,29.906,99,30,16.90,CENTER,WARNING,2025-11-09 12:15:12
29966,29.966,101,30,0.00,CENTER,WARNING,2025-11-09 12:15:12
30026,30.026,103,31,16.90,CENTER,WARNING,2025-11-09 12:15:12
